param_alpha,param_bandwidth,count
1.0,0.1,5
2.0,0.0031622776601683794,5
3.5,0.0005623413251903491,4
4.0,0.00031622776601683794,4
3.0,0.001,4
2.5,0.0017782794100389228,2
3.0,0.0017782794100389228,2
3.5,0.001,2
3.75,0.0005623413251903491,1
3.75,0.00031622776601683794,1
3.0,0.0031622776601683794,1
3.25,0.0017782794100389228,1
3.25,0.0005623413251903491,1
1.75,0.005623413251903491,1
3.0,0.0005623413251903491,1
2.25,0.005623413251903491,1
4.0,0.001,1
