param_alpha,param_bandwidth,count
1.5,0.1,10
1.25,0.1,8
1.0,0.1778279410038923,5
1.0,0.1,1
1.25,0.1778279410038923,1
